{
	"credit": "Made with Blockbench",
	"parent": "block/block",
	"textures": {
		"1": "supplementaries:blocks/candelabra",
		"particle": "supplementaries:blocks/candelabra",
		"all": "candle"
	},
	"elements": [
		{
			"from": [12.5, 11, 8],
			"to": [13.5, 12, 8],
			"rotation": {"angle": -45, "axis": "y", "origin": [13, 11, 8]},
			"faces": {
				"north": {"uv": [0, 5, 1, 6], "texture": "#all"},
				"south": {"uv": [1, 5, 0, 6], "texture": "#all"}
			}
		},
		{
			"from": [12.5, 11, 8],
			"to": [13.5, 12, 8],
			"rotation": {"angle": 45, "axis": "y", "origin": [13, 11, 8]},
			"faces": {
				"north": {"uv": [0, 5, 1, 6], "texture": "#all"},
				"south": {"uv": [1, 5, 0, 6], "texture": "#all"}
			}
		},
		{
			"from": [12, 6, 7],
			"to": [14, 11, 9],
			"rotation": {"angle": 0, "axis": "y", "origin": [11, 14, 7]},
			"faces": {
				"north": {"uv": [0, 8, 2, 13], "texture": "#all"},
				"east": {"uv": [0, 8, 2, 13], "texture": "#all"},
				"south": {"uv": [0, 8, 2, 13], "texture": "#all"},
				"west": {"uv": [0, 8, 2, 13], "texture": "#all"},
				"up": {"uv": [0, 6, 2, 8], "texture": "#all"},
				"down": {"uv": [0, 14, 2, 16], "texture": "#all", "cullface": "down"}
			}
		},
		{
			"from": [2.5, 10, 8],
			"to": [3.5, 11, 8],
			"rotation": {"angle": 45, "axis": "y", "origin": [3, 10, 8]},
			"faces": {
				"north": {"uv": [0, 5, 1, 6], "texture": "#all"},
				"south": {"uv": [1, 5, 0, 6], "texture": "#all"}
			}
		},
		{
			"from": [2.5, 10, 8],
			"to": [3.5, 11, 8],
			"rotation": {"angle": -45, "axis": "y", "origin": [3, 10, 8]},
			"faces": {
				"north": {"uv": [0, 5, 1, 6], "texture": "#all"},
				"south": {"uv": [1, 5, 0, 6], "texture": "#all"}
			}
		},
		{
			"from": [2, 5, 7],
			"to": [4, 10, 9],
			"rotation": {"angle": 0, "axis": "y", "origin": [5, 13, 10]},
			"faces": {
				"north": {"uv": [0, 8, 2, 13], "texture": "#all"},
				"east": {"uv": [0, 8, 2, 13], "texture": "#all"},
				"south": {"uv": [0, 8, 2, 13], "texture": "#all"},
				"west": {"uv": [0, 8, 2, 13], "texture": "#all"},
				"up": {"uv": [0, 6, 2, 8], "texture": "#all"},
				"down": {"uv": [0, 14, 2, 16], "texture": "#all", "cullface": "down"}
			}
		},
		{
			"from": [7.5, 11, 13],
			"to": [8.5, 12, 13],
			"rotation": {"angle": -45, "axis": "y", "origin": [8, 11, 13]},
			"faces": {
				"north": {"uv": [0, 5, 1, 6], "texture": "#all"},
				"south": {"uv": [0, 5, 1, 6], "texture": "#all"}
			}
		},
		{
			"from": [7, 5, 12],
			"to": [9, 11, 14],
			"rotation": {"angle": 0, "axis": "y", "origin": [7, 13, 15]},
			"faces": {
				"north": {"uv": [0, 8, 2, 14], "texture": "#all"},
				"east": {"uv": [0, 8, 2, 14], "texture": "#all"},
				"south": {"uv": [0, 8, 2, 14], "texture": "#all"},
				"west": {"uv": [0, 8, 2, 14], "texture": "#all"},
				"up": {"uv": [0, 6, 2, 8], "texture": "#all"},
				"down": {"uv": [0, 14, 2, 16], "texture": "#all", "cullface": "down"}
			}
		},
		{
			"from": [7.5, 11, 13],
			"to": [8.5, 12, 13],
			"rotation": {"angle": 45, "axis": "y", "origin": [8, 11, 13]},
			"faces": {
				"north": {"uv": [0, 5, 1, 6], "texture": "#all"},
				"south": {"uv": [0, 5, 1, 6], "texture": "#all"}
			}
		},
		{
			"from": [7.5, 12, 3],
			"to": [8.5, 13, 3],
			"rotation": {"angle": -45, "axis": "y", "origin": [8, 12, 3]},
			"faces": {
				"north": {"uv": [0, 5, 1, 6], "texture": "#all"},
				"south": {"uv": [0, 5, 1, 6], "texture": "#all"}
			}
		},
		{
			"from": [7, 6, 2],
			"to": [9, 12, 4],
			"rotation": {"angle": 0, "axis": "y", "origin": [7, 14, 5]},
			"faces": {
				"north": {"uv": [0, 8, 2, 14], "texture": "#all"},
				"east": {"uv": [0, 8, 2, 14], "texture": "#all"},
				"south": {"uv": [0, 8, 2, 14], "texture": "#all"},
				"west": {"uv": [0, 8, 2, 14], "texture": "#all"},
				"up": {"uv": [0, 6, 2, 8], "texture": "#all"},
				"down": {"uv": [0, 14, 2, 16], "texture": "#all", "cullface": "down"}
			}
		},
		{
			"from": [7.5, 12, 3],
			"to": [8.5, 13, 3],
			"rotation": {"angle": 45, "axis": "y", "origin": [8, 12, 3]},
			"faces": {
				"north": {"uv": [0, 5, 1, 6], "texture": "#all"},
				"south": {"uv": [0, 5, 1, 6], "texture": "#all"}
			}
		},
		{
			"from": [5, 15, 5],
			"to": [11, 16, 11],
			"rotation": {"angle": 0, "axis": "y", "origin": [13, 23, 13]},
			"faces": {
				"north": {"uv": [5, 15, 11, 16], "texture": "#1"},
				"east": {"uv": [5, 15, 11, 16], "texture": "#1"},
				"south": {"uv": [5, 15, 11, 16], "texture": "#1"},
				"west": {"uv": [5, 9, 11, 10], "texture": "#1"},
				"up": {"uv": [5, 10, 11, 16], "texture": "#1"},
				"down": {"uv": [5, 10, 11, 16], "texture": "#1"}
			}
		},
		{
			"from": [7, 5, 7],
			"to": [9, 15, 9],
			"rotation": {"angle": 0, "axis": "y", "origin": [15, 11, 15]},
			"faces": {
				"north": {"uv": [0, 5, 2, 15], "texture": "#1"},
				"east": {"uv": [0, 5, 2, 15], "texture": "#1"},
				"south": {"uv": [0, 5, 2, 15], "texture": "#1"},
				"west": {"uv": [0, 5, 2, 15], "texture": "#1"}
			}
		},
		{
			"from": [7, 2, 7],
			"to": [9, 3, 9],
			"rotation": {"angle": 0, "axis": "y", "origin": [15, 9, 15]},
			"faces": {
				"north": {"uv": [0, 15, 2, 16], "texture": "#1"},
				"east": {"uv": [0, 15, 2, 16], "texture": "#1"},
				"south": {"uv": [0, 15, 2, 16], "texture": "#1"},
				"west": {"uv": [0, 15, 2, 16], "texture": "#1"},
				"down": {"uv": [2, 14, 4, 16], "texture": "#1"}
			}
		},
		{
			"from": [2, 3, 7],
			"to": [14, 5, 9],
			"rotation": {"angle": 0, "axis": "y", "origin": [10, 11, 15]},
			"faces": {
				"north": {"uv": [2, 3, 14, 5], "texture": "#1"},
				"east": {"uv": [14, 3, 16, 5], "texture": "#1"},
				"south": {"uv": [2, 3, 14, 5], "texture": "#1"},
				"west": {"uv": [0, 3, 2, 5], "texture": "#1"},
				"up": {"uv": [2, 3, 14, 5], "texture": "#1"},
				"down": {"uv": [2, 3, 14, 5], "texture": "#1"}
			}
		},
		{
			"from": [7, 3, 2],
			"to": [9, 5, 14],
			"rotation": {"angle": 0, "axis": "y", "origin": [8, 11, 8]},
			"faces": {
				"north": {"uv": [0, 3, 2, 5], "texture": "#1"},
				"east": {"uv": [2, 3, 14, 5], "texture": "#1"},
				"south": {"uv": [14, 3, 16, 5], "texture": "#1"},
				"west": {"uv": [2, 3, 14, 5], "texture": "#1"},
				"up": {"uv": [2, 3, 14, 5], "rotation": 90, "texture": "#1"},
				"down": {"uv": [2, 3, 14, 5], "rotation": 270, "texture": "#1"}
			}
		},
		{
			"from": [1, 5, 6],
			"to": [5, 6, 10],
			"rotation": {"angle": 0, "axis": "y", "origin": [9, 13, 14]},
			"faces": {
				"north": {"uv": [11, 2, 15, 3], "texture": "#1"},
				"east": {"uv": [11, 2, 15, 3], "texture": "#1"},
				"south": {"uv": [11, 2, 15, 3], "texture": "#1"},
				"west": {"uv": [11, 2, 15, 3], "texture": "#1"},
				"up": {"uv": [12, 12, 16, 16], "texture": "#1"},
				"down": {"uv": [12, 12, 16, 16], "texture": "#1"}
			}
		},
		{
			"from": [6, 5, 11],
			"to": [10, 6, 15],
			"rotation": {"angle": 0, "axis": "y", "origin": [14, 13, 19]},
			"faces": {
				"north": {"uv": [6, 2, 10, 3], "texture": "#1"},
				"east": {"uv": [6, 2, 10, 3], "texture": "#1"},
				"south": {"uv": [6, 2, 10, 3], "texture": "#1"},
				"west": {"uv": [6, 2, 10, 3], "texture": "#1"},
				"up": {"uv": [12, 12, 16, 16], "texture": "#1"},
				"down": {"uv": [12, 12, 16, 16], "texture": "#1"}
			}
		},
		{
			"from": [6, 5, 1],
			"to": [10, 6, 5],
			"rotation": {"angle": 0, "axis": "y", "origin": [14, 13, 9]},
			"faces": {
				"north": {"uv": [6, 2, 10, 3], "texture": "#1"},
				"east": {"uv": [6, 2, 10, 3], "texture": "#1"},
				"south": {"uv": [6, 2, 10, 3], "texture": "#1"},
				"west": {"uv": [6, 2, 10, 3], "texture": "#1"},
				"up": {"uv": [12, 12, 16, 16], "texture": "#1"},
				"down": {"uv": [12, 12, 16, 16], "texture": "#1"}
			}
		},
		{
			"from": [11, 5, 6],
			"to": [15, 6, 10],
			"rotation": {"angle": 0, "axis": "y", "origin": [19, 13, 14]},
			"faces": {
				"north": {"uv": [1, 2, 5, 3], "texture": "#1"},
				"east": {"uv": [1, 2, 5, 3], "texture": "#1"},
				"south": {"uv": [1, 2, 5, 3], "texture": "#1"},
				"west": {"uv": [1, 2, 5, 3], "texture": "#1"},
				"up": {"uv": [12, 12, 16, 16], "texture": "#1"},
				"down": {"uv": [12, 12, 16, 16], "texture": "#1"}
			}
		}
	],
	"groups": [
		{
			"name": "group",
			"origin": [9, 6, 6],
			"children": [
				{
					"name": "group",
					"origin": [8, 8, 0],
					"children": [0, 1, 2]
				},
				{
					"name": "group",
					"origin": [8, 8, 0],
					"children": [3, 4, 5]
				},
				{
					"name": "group",
					"origin": [9, 6, -2],
					"children": [6, 7, 8]
				},
				{
					"name": "group",
					"origin": [9, 6, -2],
					"children": [9, 10, 11]
				}
			]
		},
		{
			"name": "group",
			"origin": [19, 15, 14],
			"children": [12, 13, 14, 15, 16, 17, 18, 19, 20]
		}
	]
}