{
	"credit": "Made with Blockbench",
	"parent": "block/block",
	"textures": {
		"1": "supplementaries:blocks/candelabra",
		"2": "supplementaries:aa",
		"particle": "supplementaries:blocks/candelabra",
		"all": "supplementaries:candle"
	},
	"elements": [
		{
			"from": [12.5, 10, 8],
			"to": [13.5, 11, 8],
			"rotation": {"angle": -45, "axis": "y", "origin": [13, 10, 8]},
			"faces": {
				"north": {"uv": [0, 5, 1, 6], "texture": "#all"},
				"south": {"uv": [1, 5, 0, 6], "texture": "#all"}
			}
		},
		{
			"from": [12.5, 10, 8],
			"to": [13.5, 11, 8],
			"rotation": {"angle": 45, "axis": "y", "origin": [13, 10, 8]},
			"faces": {
				"north": {"uv": [0, 5, 1, 6], "texture": "#all"},
				"south": {"uv": [1, 5, 0, 6], "texture": "#all"}
			}
		},
		{
			"from": [12, 5, 7],
			"to": [14, 10, 9],
			"rotation": {"angle": 0, "axis": "y", "origin": [11, 13, 7]},
			"faces": {
				"north": {"uv": [0, 8, 2, 13], "texture": "#all"},
				"east": {"uv": [0, 8, 2, 13], "texture": "#all"},
				"south": {"uv": [0, 8, 2, 13], "texture": "#all"},
				"west": {"uv": [0, 8, 2, 13], "texture": "#all"},
				"up": {"uv": [0, 6, 2, 8], "texture": "#all"},
				"down": {"uv": [0, 14, 2, 16], "texture": "#all", "cullface": "down"}
			}
		},
		{
			"from": [2.5, 10, 8],
			"to": [3.5, 11, 8],
			"rotation": {"angle": 45, "axis": "y", "origin": [3, 10, 8]},
			"faces": {
				"north": {"uv": [0, 5, 1, 6], "texture": "#all"},
				"south": {"uv": [1, 5, 0, 6], "texture": "#all"}
			}
		},
		{
			"from": [2.5, 10, 8],
			"to": [3.5, 11, 8],
			"rotation": {"angle": -45, "axis": "y", "origin": [3, 10, 8]},
			"faces": {
				"north": {"uv": [0, 5, 1, 6], "texture": "#all"},
				"south": {"uv": [1, 5, 0, 6], "texture": "#all"}
			}
		},
		{
			"from": [2, 5, 7],
			"to": [4, 10, 9],
			"rotation": {"angle": 0, "axis": "y", "origin": [5, 13, 10]},
			"faces": {
				"north": {"uv": [0, 8, 2, 13], "texture": "#all"},
				"east": {"uv": [0, 8, 2, 13], "texture": "#all"},
				"south": {"uv": [0, 8, 2, 13], "texture": "#all"},
				"west": {"uv": [0, 8, 2, 13], "texture": "#all"},
				"up": {"uv": [0, 6, 2, 8], "texture": "#all"},
				"down": {"uv": [0, 14, 2, 16], "texture": "#all", "cullface": "down"}
			}
		},
		{
			"from": [7.5, 11, 3],
			"to": [8.5, 12, 3],
			"rotation": {"angle": -45, "axis": "y", "origin": [8, 11, 3]},
			"faces": {
				"north": {"uv": [0, 5, 1, 6], "texture": "#all"},
				"south": {"uv": [0, 5, 1, 6], "texture": "#all"}
			}
		},
		{
			"from": [7, 5, 2],
			"to": [9, 11, 4],
			"rotation": {"angle": 0, "axis": "y", "origin": [7, 13, 5]},
			"faces": {
				"north": {"uv": [0, 8, 2, 14], "texture": "#all"},
				"east": {"uv": [0, 8, 2, 14], "texture": "#all"},
				"south": {"uv": [0, 8, 2, 14], "texture": "#all"},
				"west": {"uv": [0, 8, 2, 14], "texture": "#all"},
				"up": {"uv": [0, 6, 2, 8], "texture": "#all"},
				"down": {"uv": [0, 14, 2, 16], "texture": "#all", "cullface": "down"}
			}
		},
		{
			"from": [7.5, 11, 3],
			"to": [8.5, 12, 3],
			"rotation": {"angle": 45, "axis": "y", "origin": [8, 11, 3]},
			"faces": {
				"north": {"uv": [0, 5, 1, 6], "texture": "#all"},
				"south": {"uv": [0, 5, 1, 6], "texture": "#all"}
			}
		},
		{
			"from": [7.5, 11, 13],
			"to": [8.5, 12, 13],
			"rotation": {"angle": -45, "axis": "y", "origin": [8, 11, 13]},
			"faces": {
				"north": {"uv": [0, 5, 1, 6], "texture": "#all"},
				"south": {"uv": [0, 5, 1, 6], "texture": "#all"}
			}
		},
		{
			"from": [7, 5, 12],
			"to": [9, 11, 14],
			"rotation": {"angle": 0, "axis": "y", "origin": [7, 13, 15]},
			"faces": {
				"north": {"uv": [0, 8, 2, 14], "texture": "#all"},
				"east": {"uv": [0, 8, 2, 14], "texture": "#all"},
				"south": {"uv": [0, 8, 2, 14], "texture": "#all"},
				"west": {"uv": [0, 8, 2, 14], "texture": "#all"},
				"up": {"uv": [0, 6, 2, 8], "texture": "#all"},
				"down": {"uv": [0, 14, 2, 16], "texture": "#all", "cullface": "down"}
			}
		},
		{
			"from": [7.5, 11, 13],
			"to": [8.5, 12, 13],
			"rotation": {"angle": 45, "axis": "y", "origin": [8, 11, 13]},
			"faces": {
				"north": {"uv": [0, 5, 1, 6], "texture": "#all"},
				"south": {"uv": [0, 5, 1, 6], "texture": "#all"}
			}
		},
		{
			"from": [2, 2, 2],
			"to": [14, 4, 4],
			"rotation": {"angle": 0, "axis": "y", "origin": [10, 10, 15]},
			"faces": {
				"north": {"uv": [11, 5, 16, 7], "texture": "#1"},
				"east": {"uv": [14, 0, 16, 2], "texture": "#1"},
				"south": {"uv": [11, 5, 16, 7], "texture": "#1"},
				"west": {"uv": [0, 0, 2, 2], "texture": "#1"},
				"up": {"uv": [11, 5, 16, 7], "texture": "#1"},
				"down": {"uv": [11, 5, 16, 7], "texture": "#1"}
			}
		},
		{
			"from": [2, 2, 12],
			"to": [14, 4, 14],
			"rotation": {"angle": 0, "axis": "y", "origin": [10, 10, 15]},
			"faces": {
				"north": {"uv": [11, 5, 16, 7], "texture": "#1"},
				"east": {"uv": [14, 0, 16, 2], "texture": "#1"},
				"south": {"uv": [11, 5, 16, 7], "texture": "#1"},
				"west": {"uv": [0, 0, 2, 2], "texture": "#1"},
				"up": {"uv": [11, 5, 16, 7], "texture": "#1"},
				"down": {"uv": [11, 5, 16, 7], "texture": "#1"}
			}
		},
		{
			"from": [2, 2, 4],
			"to": [4, 4, 12],
			"rotation": {"angle": 0, "axis": "y", "origin": [10, 10, 15]},
			"faces": {
				"north": {"uv": [11, 5, 16, 7], "texture": "#1"},
				"east": {"uv": [14, 0, 16, 2], "texture": "#1"},
				"south": {"uv": [11, 5, 16, 7], "texture": "#1"},
				"west": {"uv": [0, 0, 2, 2], "texture": "#1"},
				"up": {"uv": [11, 5, 16, 7], "texture": "#1"},
				"down": {"uv": [11, 5, 16, 7], "texture": "#1"}
			}
		},
		{
			"from": [12, 2, 4],
			"to": [14, 4, 12],
			"rotation": {"angle": 0, "axis": "y", "origin": [10, 10, 15]},
			"faces": {
				"north": {"uv": [11, 5, 16, 7], "texture": "#1"},
				"east": {"uv": [14, 0, 16, 2], "texture": "#1"},
				"south": {"uv": [11, 5, 16, 7], "texture": "#1"},
				"west": {"uv": [0, 0, 2, 2], "texture": "#1"},
				"up": {"uv": [11, 5, 16, 7], "texture": "#1"},
				"down": {"uv": [11, 5, 16, 7], "texture": "#1"}
			}
		},
		{
			"from": [6, 4, 11],
			"to": [10, 5, 15],
			"rotation": {"angle": 0, "axis": "y", "origin": [9, 12, 14]},
			"faces": {
				"north": {"uv": [12, 10, 16, 11], "texture": "#1"},
				"east": {"uv": [12, 10, 16, 11], "texture": "#1"},
				"south": {"uv": [12, 10, 16, 11], "texture": "#1"},
				"west": {"uv": [12, 10, 16, 11], "texture": "#1"},
				"up": {"uv": [12, 12, 16, 16], "texture": "#1"},
				"down": {"uv": [12, 12, 16, 16], "texture": "#1"}
			}
		},
		{
			"from": [1, 4, 6],
			"to": [5, 5, 10],
			"rotation": {"angle": 0, "axis": "y", "origin": [14, 12, 14]},
			"faces": {
				"north": {"uv": [12, 10, 16, 11], "texture": "#1"},
				"east": {"uv": [12, 10, 16, 11], "texture": "#1"},
				"south": {"uv": [12, 10, 16, 11], "texture": "#1"},
				"west": {"uv": [12, 10, 16, 11], "texture": "#1"},
				"up": {"uv": [12, 12, 16, 16], "texture": "#1"},
				"down": {"uv": [12, 12, 16, 16], "texture": "#1"}
			}
		},
		{
			"from": [6, 4, 1],
			"to": [10, 5, 5],
			"rotation": {"angle": 0, "axis": "y", "origin": [19, 12, 14]},
			"faces": {
				"north": {"uv": [12, 10, 16, 11], "texture": "#1"},
				"east": {"uv": [12, 10, 16, 11], "texture": "#1"},
				"south": {"uv": [12, 10, 16, 11], "texture": "#1"},
				"west": {"uv": [12, 10, 16, 11], "texture": "#1"},
				"up": {"uv": [12, 12, 16, 16], "texture": "#1"},
				"down": {"uv": [12, 12, 16, 16], "texture": "#1"}
			}
		},
		{
			"from": [6, 14, 6],
			"to": [10, 15, 10],
			"rotation": {"angle": 0, "axis": "y", "origin": [19, 12, 14]},
			"faces": {
				"north": {"uv": [12, 10, 16, 11], "texture": "#1"},
				"east": {"uv": [12, 10, 16, 11], "texture": "#1"},
				"south": {"uv": [12, 10, 16, 11], "texture": "#1"},
				"west": {"uv": [12, 10, 16, 11], "texture": "#1"},
				"up": {"uv": [12, 12, 16, 16], "texture": "#1"},
				"down": {"uv": [12, 12, 16, 16], "texture": "#1"}
			}
		},
		{
			"from": [11, 4, 6],
			"to": [15, 5, 10],
			"rotation": {"angle": 0, "axis": "y", "origin": [19, 12, 14]},
			"faces": {
				"north": {"uv": [12, 10, 16, 11], "texture": "#1"},
				"east": {"uv": [12, 10, 16, 11], "texture": "#1"},
				"south": {"uv": [12, 10, 16, 11], "texture": "#1"},
				"west": {"uv": [12, 10, 16, 11], "texture": "#1"},
				"up": {"uv": [12, 12, 16, 16], "texture": "#1"},
				"down": {"uv": [12, 12, 16, 16], "texture": "#1"}
			}
		},
		{
			"from": [5.25, 4, 0.05],
			"to": [17.25, 15, 0.05],
			"rotation": {"angle": -45, "axis": "y", "origin": [0, -2, 0]},
			"faces": {
				"north": {"uv": [0, 0, 12, 11], "texture": "#2"},
				"south": {"uv": [0, 0, 12, 11], "texture": "#2"}
			}
		},
		{
			"from": [11.3, 4, -6],
			"to": [11.3, 15, 6],
			"rotation": {"angle": -45, "axis": "y", "origin": [0, -2, 0]},
			"faces": {
				"east": {"uv": [0, 0, 12, 11], "texture": "#2"},
				"west": {"uv": [0, 0, 12, 11], "texture": "#2"}
			}
		}
	],
	"groups": [
		{
			"name": "group",
			"origin": [9, 6, 6],
			"color": 0,
			"children": [
				{
					"name": "group",
					"origin": [8, 8, 0],
					"color": 0,
					"children": [0, 1, 2]
				},
				{
					"name": "group",
					"origin": [8, 8, 0],
					"color": 0,
					"children": [3, 4, 5]
				},
				{
					"name": "group",
					"origin": [9, 6, -2],
					"color": 0,
					"children": [6, 7, 8]
				},
				{
					"name": "group",
					"origin": [9, 6, -2],
					"color": 0,
					"children": [9, 10, 11]
				}
			]
		},
		{
			"name": "group",
			"origin": [19, 15, 14],
			"color": 0,
			"children": [
				{
					"name": "ring",
					"origin": [10, 13, 15],
					"color": 0,
					"children": [12, 13, 14, 15]
				},
				16,
				17,
				18,
				19,
				20
			]
		},
		21,
		22
	]
}