{
	"credit": "Made with Blockbench",
	"parent": "block/block",
	"textures": {
		"2": "wall_lantern",
		"all": "supplementaries:candle"
	},
	"elements": [
		{
			"from": [10.5, 12, 8],
			"to": [11.5, 13, 8],
			"rotation": {"angle": -45, "axis": "y", "origin": [11, 12, 8]},
			"faces": {
				"north": {"uv": [0, 5, 1, 6], "texture": "#all"},
				"south": {"uv": [1, 5, 0, 6], "texture": "#all"}
			}
		},
		{
			"from": [10.5, 12, 8],
			"to": [11.5, 13, 8],
			"rotation": {"angle": 45, "axis": "y", "origin": [11, 12, 8]},
			"faces": {
				"north": {"uv": [0, 5, 1, 6], "texture": "#all"},
				"south": {"uv": [1, 5, 0, 6], "texture": "#all"}
			}
		},
		{
			"from": [10, 7, 7],
			"to": [12, 12, 9],
			"rotation": {"angle": 0, "axis": "y", "origin": [9, 15, 7]},
			"faces": {
				"north": {"uv": [0, 8, 2, 13], "texture": "#all"},
				"east": {"uv": [0, 8, 2, 13], "texture": "#all"},
				"south": {"uv": [0, 8, 2, 13], "texture": "#all"},
				"west": {"uv": [0, 8, 2, 13], "texture": "#all"},
				"up": {"uv": [0, 6, 2, 8], "texture": "#all"},
				"down": {"uv": [0, 14, 2, 16], "texture": "#all", "cullface": "down"}
			}
		},
		{
			"from": [4.5, 12, 8],
			"to": [5.5, 13, 8],
			"rotation": {"angle": 45, "axis": "y", "origin": [5, 12, 8]},
			"faces": {
				"north": {"uv": [0, 5, 1, 6], "texture": "#all"},
				"south": {"uv": [1, 5, 0, 6], "texture": "#all"}
			}
		},
		{
			"from": [4.5, 12, 8],
			"to": [5.5, 13, 8],
			"rotation": {"angle": -45, "axis": "y", "origin": [5, 12, 8]},
			"faces": {
				"north": {"uv": [0, 5, 1, 6], "texture": "#all"},
				"south": {"uv": [1, 5, 0, 6], "texture": "#all"}
			}
		},
		{
			"from": [4, 7, 7],
			"to": [6, 12, 9],
			"rotation": {"angle": 0, "axis": "y", "origin": [7, 15, 10]},
			"faces": {
				"north": {"uv": [0, 8, 2, 13], "texture": "#all"},
				"east": {"uv": [0, 8, 2, 13], "texture": "#all"},
				"south": {"uv": [0, 8, 2, 13], "texture": "#all"},
				"west": {"uv": [0, 8, 2, 13], "texture": "#all"},
				"up": {"uv": [0, 6, 2, 8], "texture": "#all"},
				"down": {"uv": [0, 14, 2, 16], "texture": "#all", "cullface": "down"}
			}
		},
		{
			"name": "base",
			"from": [5, 0, 5],
			"to": [11, 1, 11],
			"rotation": {"angle": 0, "axis": "y", "origin": [13, 8, 13]},
			"faces": {
				"north": {"uv": [10, 6, 16, 7], "texture": "#2"},
				"east": {"uv": [10, 6, 16, 7], "texture": "#2"},
				"south": {"uv": [10, 6, 16, 7], "texture": "#2"},
				"west": {"uv": [10, 6, 16, 7], "texture": "#2"},
				"up": {"uv": [10, 0, 16, 6], "texture": "#2"},
				"down": {"uv": [10, 0, 16, 6], "texture": "#2"}
			}
		},
		{
			"name": "base",
			"from": [7, 1, 7],
			"to": [9, 5, 9],
			"rotation": {"angle": 0, "axis": "y", "origin": [13, 8, 13]},
			"faces": {
				"north": {"uv": [4, 2, 6, 6], "texture": "#2"},
				"east": {"uv": [4, 2, 6, 6], "texture": "#2"},
				"south": {"uv": [4, 2, 6, 6], "texture": "#2"},
				"west": {"uv": [4, 2, 6, 6], "texture": "#2"},
				"up": {"uv": [4, 0, 6, 2], "texture": "#2"},
				"down": {"uv": [4, 0, 6, 2], "texture": "#2"}
			}
		},
		{
			"name": "2d",
			"from": [4, 1, 8],
			"to": [12, 6, 8],
			"rotation": {"angle": 0, "axis": "y", "origin": [15, 9, 15]},
			"faces": {
				"north": {"uv": [0, 11, 8, 16], "texture": "#2"},
				"south": {"uv": [0, 11, 8, 16], "texture": "#2"}
			}
		},
		{
			"name": "holder",
			"from": [9, 6, 6],
			"to": [13, 7, 10],
			"rotation": {"angle": 0, "axis": "y", "origin": [19, 15, 14]},
			"faces": {
				"north": {"uv": [0, 4, 4, 5], "texture": "#2"},
				"east": {"uv": [0, 4, 4, 5], "texture": "#2"},
				"south": {"uv": [0, 4, 4, 5], "texture": "#2"},
				"west": {"uv": [0, 4, 4, 5], "texture": "#2"},
				"up": {"uv": [0, 0, 4, 4], "texture": "#2"},
				"down": {"uv": [0, 0, 4, 4], "texture": "#2"}
			}
		},
		{
			"name": "holder",
			"from": [3, 6, 6],
			"to": [7, 7, 10],
			"rotation": {"angle": 0, "axis": "y", "origin": [19, 15, 14]},
			"faces": {
				"north": {"uv": [0, 4, 4, 5], "texture": "#2"},
				"east": {"uv": [0, 4, 4, 5], "texture": "#2"},
				"south": {"uv": [0, 4, 4, 5], "texture": "#2"},
				"west": {"uv": [0, 4, 4, 5], "texture": "#2"},
				"up": {"uv": [0, 0, 4, 4], "texture": "#2"},
				"down": {"uv": [0, 0, 4, 4], "texture": "#2"}
			}
		}
	],
	"groups": [
		{
			"name": "candles",
			"origin": [9, 6, 6],
			"color": 0,
			"children": [
				{
					"name": "group",
					"origin": [8, 8, 0],
					"color": 0,
					"children": [0, 1, 2]
				},
				{
					"name": "group",
					"origin": [8, 8, 0],
					"color": 0,
					"children": [3, 4, 5]
				}
			]
		},
		{
			"name": "group",
			"origin": [19, 15, 14],
			"color": 0,
			"children": [6, 7, 8, 9, 10]
		}
	]
}