{
	"credit": "Made with Blockbench",
	"parent": "block/block",
	"textures": {
		"2": "supplementaries:wall_lantern",
		"all": "supplementaries:candle"
	},
	"elements": [
		{
			"from": [12.5, 13, 8],
			"to": [13.5, 14, 8],
			"rotation": {"angle": -45, "axis": "y", "origin": [13, 13, 8]},
			"faces": {
				"north": {"uv": [0, 5, 1, 6], "texture": "#all"},
				"south": {"uv": [1, 5, 0, 6], "texture": "#all"}
			}
		},
		{
			"from": [12.5, 13, 8],
			"to": [13.5, 14, 8],
			"rotation": {"angle": 45, "axis": "y", "origin": [13, 13, 8]},
			"faces": {
				"north": {"uv": [0, 5, 1, 6], "texture": "#all"},
				"south": {"uv": [1, 5, 0, 6], "texture": "#all"}
			}
		},
		{
			"from": [12, 8, 7],
			"to": [14, 13, 9],
			"rotation": {"angle": 0, "axis": "y", "origin": [11, 16, 7]},
			"faces": {
				"north": {"uv": [0, 8, 2, 13], "texture": "#all"},
				"east": {"uv": [0, 8, 2, 13], "texture": "#all"},
				"south": {"uv": [0, 8, 2, 13], "texture": "#all"},
				"west": {"uv": [0, 8, 2, 13], "texture": "#all"},
				"up": {"uv": [0, 6, 2, 8], "texture": "#all"},
				"down": {"uv": [0, 14, 2, 16], "texture": "#all", "cullface": "down"}
			}
		},
		{
			"name": "holder",
			"from": [11, 7, 6],
			"to": [15, 8, 10],
			"rotation": {"angle": 0, "axis": "y", "origin": [19, 15, 14]},
			"faces": {
				"north": {"uv": [0, 4, 4, 5], "texture": "#2"},
				"east": {"uv": [0, 4, 4, 5], "texture": "#2"},
				"south": {"uv": [0, 4, 4, 5], "texture": "#2"},
				"west": {"uv": [0, 4, 4, 5], "texture": "#2"},
				"up": {"uv": [0, 0, 4, 4], "texture": "#2"},
				"down": {"uv": [0, 0, 4, 4], "texture": "#2"}
			}
		},
		{
			"from": [2.5, 13, 8],
			"to": [3.5, 14, 8],
			"rotation": {"angle": 45, "axis": "y", "origin": [3, 13, 8]},
			"faces": {
				"north": {"uv": [0, 5, 1, 6], "texture": "#all"},
				"south": {"uv": [1, 5, 0, 6], "texture": "#all"}
			}
		},
		{
			"from": [2.5, 13, 8],
			"to": [3.5, 14, 8],
			"rotation": {"angle": -45, "axis": "y", "origin": [3, 13, 8]},
			"faces": {
				"north": {"uv": [0, 5, 1, 6], "texture": "#all"},
				"south": {"uv": [1, 5, 0, 6], "texture": "#all"}
			}
		},
		{
			"from": [2, 8, 7],
			"to": [4, 13, 9],
			"rotation": {"angle": 0, "axis": "y", "origin": [6, 16, 10]},
			"faces": {
				"north": {"uv": [0, 8, 2, 13], "texture": "#all"},
				"east": {"uv": [0, 8, 2, 13], "texture": "#all"},
				"south": {"uv": [0, 8, 2, 13], "texture": "#all"},
				"west": {"uv": [0, 8, 2, 13], "texture": "#all"},
				"up": {"uv": [0, 6, 2, 8], "texture": "#all"},
				"down": {"uv": [0, 14, 2, 16], "texture": "#all", "cullface": "down"}
			}
		},
		{
			"name": "holder",
			"from": [1, 7, 6],
			"to": [5, 8, 10],
			"rotation": {"angle": 0, "axis": "y", "origin": [19, 15, 14]},
			"faces": {
				"north": {"uv": [0, 4, 4, 5], "texture": "#2"},
				"east": {"uv": [0, 4, 4, 5], "texture": "#2"},
				"south": {"uv": [0, 4, 4, 5], "texture": "#2"},
				"west": {"uv": [0, 4, 4, 5], "texture": "#2"},
				"up": {"uv": [0, 0, 4, 4], "texture": "#2"},
				"down": {"uv": [0, 0, 4, 4], "texture": "#2"}
			}
		},
		{
			"from": [7.5, 12, 12],
			"to": [8.5, 13, 12],
			"rotation": {"angle": -45, "axis": "y", "origin": [8, 12, 12]},
			"faces": {
				"north": {"uv": [0, 5, 1, 6], "texture": "#all"},
				"south": {"uv": [1, 5, 0, 6], "texture": "#all"}
			}
		},
		{
			"from": [7.5, 12, 12],
			"to": [8.5, 13, 12],
			"rotation": {"angle": 45, "axis": "y", "origin": [8, 12, 12]},
			"faces": {
				"north": {"uv": [0, 5, 1, 6], "texture": "#all"},
				"south": {"uv": [1, 5, 0, 6], "texture": "#all"}
			}
		},
		{
			"from": [7, 7, 11],
			"to": [9, 12, 13],
			"rotation": {"angle": 0, "axis": "y", "origin": [6, 15, 11]},
			"faces": {
				"north": {"uv": [0, 8, 2, 13], "texture": "#all"},
				"east": {"uv": [0, 8, 2, 13], "texture": "#all"},
				"south": {"uv": [0, 8, 2, 13], "texture": "#all"},
				"west": {"uv": [0, 8, 2, 13], "texture": "#all"},
				"up": {"uv": [0, 6, 2, 8], "texture": "#all"},
				"down": {"uv": [0, 14, 2, 16], "texture": "#all", "cullface": "down"}
			}
		},
		{
			"name": "holder",
			"from": [6, 6, 10],
			"to": [10, 7, 14],
			"rotation": {"angle": 0, "axis": "y", "origin": [19, 14, 18]},
			"faces": {
				"north": {"uv": [0, 4, 4, 5], "texture": "#2"},
				"east": {"uv": [0, 4, 4, 5], "texture": "#2"},
				"south": {"uv": [0, 4, 4, 5], "texture": "#2"},
				"west": {"uv": [0, 4, 4, 5], "texture": "#2"},
				"up": {"uv": [0, 0, 4, 4], "texture": "#2"},
				"down": {"uv": [0, 0, 4, 4], "texture": "#2"}
			}
		},
		{
			"from": [7.5, 12, 4],
			"to": [8.5, 13, 4],
			"rotation": {"angle": -45, "axis": "y", "origin": [8, 12, 4]},
			"faces": {
				"north": {"uv": [0, 5, 1, 6], "texture": "#all"},
				"south": {"uv": [1, 5, 0, 6], "texture": "#all"}
			}
		},
		{
			"from": [7.5, 12, 4],
			"to": [8.5, 13, 4],
			"rotation": {"angle": 45, "axis": "y", "origin": [8, 12, 4]},
			"faces": {
				"north": {"uv": [0, 5, 1, 6], "texture": "#all"},
				"south": {"uv": [1, 5, 0, 6], "texture": "#all"}
			}
		},
		{
			"from": [7, 7, 3],
			"to": [9, 12, 5],
			"rotation": {"angle": 0, "axis": "y", "origin": [6, 15, 3]},
			"faces": {
				"north": {"uv": [0, 8, 2, 13], "texture": "#all"},
				"east": {"uv": [0, 8, 2, 13], "texture": "#all"},
				"south": {"uv": [0, 8, 2, 13], "texture": "#all"},
				"west": {"uv": [0, 8, 2, 13], "texture": "#all"},
				"up": {"uv": [0, 6, 2, 8], "texture": "#all"},
				"down": {"uv": [0, 14, 2, 16], "texture": "#all", "cullface": "down"}
			}
		},
		{
			"name": "holder",
			"from": [6, 6, 2],
			"to": [10, 7, 6],
			"rotation": {"angle": 0, "axis": "y", "origin": [19, 14, 10]},
			"faces": {
				"north": {"uv": [0, 4, 4, 5], "texture": "#2"},
				"east": {"uv": [0, 4, 4, 5], "texture": "#2"},
				"south": {"uv": [0, 4, 4, 5], "texture": "#2"},
				"west": {"uv": [0, 4, 4, 5], "texture": "#2"},
				"up": {"uv": [0, 0, 4, 4], "texture": "#2"},
				"down": {"uv": [0, 0, 4, 4], "texture": "#2"}
			}
		},
		{
			"name": "base",
			"from": [5, 0, 5],
			"to": [11, 1, 11],
			"rotation": {"angle": 0, "axis": "y", "origin": [13, 8, 13]},
			"faces": {
				"north": {"uv": [10, 6, 16, 7], "texture": "#2"},
				"east": {"uv": [10, 6, 16, 7], "texture": "#2"},
				"south": {"uv": [10, 6, 16, 7], "texture": "#2"},
				"west": {"uv": [10, 6, 16, 7], "texture": "#2"},
				"up": {"uv": [10, 0, 16, 6], "texture": "#2"},
				"down": {"uv": [10, 0, 16, 6], "texture": "#2"}
			}
		},
		{
			"name": "base",
			"from": [8, 1, 9],
			"to": [8, 6, 13],
			"rotation": {"angle": 0, "axis": "y", "origin": [13, 8, 13]},
			"faces": {
				"east": {"uv": [8, 11, 4, 16], "texture": "#2"},
				"west": {"uv": [4, 11, 8, 16], "texture": "#2"}
			}
		},
		{
			"name": "base",
			"from": [8, 1, 3],
			"to": [8, 6, 7],
			"rotation": {"angle": 0, "axis": "y", "origin": [13, 8, 13]},
			"faces": {
				"east": {"uv": [4, 11, 8, 16], "texture": "#2"},
				"west": {"uv": [8, 11, 4, 16], "texture": "#2"}
			}
		},
		{
			"name": "base",
			"from": [7, 1, 7],
			"to": [9, 5, 9],
			"rotation": {"angle": 0, "axis": "y", "origin": [13, 8, 13]},
			"faces": {
				"north": {"uv": [4, 2, 6, 6], "texture": "#2"},
				"east": {"uv": [4, 2, 6, 6], "texture": "#2"},
				"south": {"uv": [4, 2, 6, 6], "texture": "#2"},
				"west": {"uv": [4, 2, 6, 6], "texture": "#2"},
				"up": {"uv": [4, 0, 6, 2], "texture": "#2"},
				"down": {"uv": [4, 0, 6, 2], "texture": "#2"}
			}
		},
		{
			"name": "2d",
			"from": [2, 1, 8],
			"to": [7, 7, 8],
			"rotation": {"angle": 0, "axis": "y", "origin": [15, 9, 15]},
			"faces": {
				"north": {"uv": [11, 10, 16, 16], "texture": "#2"},
				"south": {"uv": [16, 10, 11, 16], "texture": "#2"}
			}
		},
		{
			"name": "2d",
			"from": [9, 1, 8],
			"to": [14, 7, 8],
			"rotation": {"angle": 0, "axis": "y", "origin": [15, 9, 15]},
			"faces": {
				"north": {"uv": [16, 10, 11, 16], "texture": "#2"},
				"south": {"uv": [11, 10, 16, 16], "texture": "#2"}
			}
		}
	],
	"groups": [
		{
			"name": "candles",
			"origin": [9, 6, 6],
			"color": 0,
			"children": [
				{
					"name": "group",
					"origin": [8, 8, 0],
					"color": 0,
					"children": [0, 1, 2, 3]
				},
				{
					"name": "group",
					"origin": [8, 8, 0],
					"color": 0,
					"children": [4, 5, 6, 7]
				},
				{
					"name": "group",
					"origin": [8, 8, 0],
					"color": 0,
					"children": [8, 9, 10, 11]
				},
				{
					"name": "group",
					"origin": [8, 8, 0],
					"color": 0,
					"children": [12, 13, 14, 15]
				}
			]
		},
		{
			"name": "group",
			"origin": [19, 15, 14],
			"color": 0,
			"children": [16, 17, 18, 19, 20, 21]
		}
	]
}