{
	"credit": "Made with Blockbench",
	"parent": "block/block",
	"textures": {
		"2": "supplementaries:wall_lantern",
		"all": "supplementaries:candle"
	},
	"elements": [
		{
			"from": [12.5, 13, 13],
			"to": [13.5, 14, 13],
			"rotation": {"angle": -45, "axis": "y", "origin": [13, 13, 13]},
			"faces": {
				"north": {"uv": [0, 5, 1, 6], "texture": "#all"},
				"south": {"uv": [1, 5, 0, 6], "texture": "#all"}
			}
		},
		{
			"from": [12.5, 13, 13],
			"to": [13.5, 14, 13],
			"rotation": {"angle": 45, "axis": "y", "origin": [13, 13, 13]},
			"faces": {
				"north": {"uv": [0, 5, 1, 6], "texture": "#all"},
				"south": {"uv": [1, 5, 0, 6], "texture": "#all"}
			}
		},
		{
			"from": [12, 8, 12],
			"to": [14, 13, 14],
			"rotation": {"angle": 0, "axis": "y", "origin": [11, 16, 12]},
			"faces": {
				"north": {"uv": [0, 8, 2, 13], "texture": "#all"},
				"east": {"uv": [0, 8, 2, 13], "texture": "#all"},
				"south": {"uv": [0, 8, 2, 13], "texture": "#all"},
				"west": {"uv": [0, 8, 2, 13], "texture": "#all"},
				"up": {"uv": [0, 6, 2, 8], "texture": "#all"},
				"down": {"uv": [0, 14, 2, 16], "texture": "#all", "cullface": "down"}
			}
		},
		{
			"name": "holder",
			"from": [11, 7, 11],
			"to": [15, 8, 15],
			"rotation": {"angle": 0, "axis": "y", "origin": [19, 15, 19]},
			"faces": {
				"north": {"uv": [0, 4, 4, 5], "texture": "#2"},
				"east": {"uv": [0, 4, 4, 5], "texture": "#2"},
				"south": {"uv": [0, 4, 4, 5], "texture": "#2"},
				"west": {"uv": [0, 4, 4, 5], "texture": "#2"},
				"up": {"uv": [0, 0, 4, 4], "texture": "#2"},
				"down": {"uv": [0, 0, 4, 4], "texture": "#2"}
			}
		},
		{
			"from": [2.5, 13, 13],
			"to": [3.5, 14, 13],
			"rotation": {"angle": 45, "axis": "y", "origin": [3, 13, 13]},
			"faces": {
				"north": {"uv": [0, 5, 1, 6], "texture": "#all"},
				"south": {"uv": [1, 5, 0, 6], "texture": "#all"}
			}
		},
		{
			"from": [2.5, 13, 13],
			"to": [3.5, 14, 13],
			"rotation": {"angle": -45, "axis": "y", "origin": [3, 13, 13]},
			"faces": {
				"north": {"uv": [0, 5, 1, 6], "texture": "#all"},
				"south": {"uv": [1, 5, 0, 6], "texture": "#all"}
			}
		},
		{
			"from": [2, 8, 12],
			"to": [4, 13, 14],
			"rotation": {"angle": 0, "axis": "y", "origin": [6, 16, 15]},
			"faces": {
				"north": {"uv": [0, 8, 2, 13], "texture": "#all"},
				"east": {"uv": [0, 8, 2, 13], "texture": "#all"},
				"south": {"uv": [0, 8, 2, 13], "texture": "#all"},
				"west": {"uv": [0, 8, 2, 13], "texture": "#all"},
				"up": {"uv": [0, 6, 2, 8], "texture": "#all"},
				"down": {"uv": [0, 14, 2, 16], "texture": "#all", "cullface": "down"}
			}
		},
		{
			"name": "holder",
			"from": [1, 7, 11],
			"to": [5, 8, 15],
			"rotation": {"angle": 0, "axis": "y", "origin": [19, 15, 19]},
			"faces": {
				"north": {"uv": [0, 4, 4, 5], "texture": "#2"},
				"east": {"uv": [0, 4, 4, 5], "texture": "#2"},
				"south": {"uv": [0, 4, 4, 5], "texture": "#2"},
				"west": {"uv": [0, 4, 4, 5], "texture": "#2"},
				"up": {"uv": [0, 0, 4, 4], "texture": "#2"},
				"down": {"uv": [0, 0, 4, 4], "texture": "#2"}
			}
		},
		{
			"from": [7.5, 13, 11],
			"to": [8.5, 14, 11],
			"rotation": {"angle": -45, "axis": "y", "origin": [8, 13, 11]},
			"faces": {
				"north": {"uv": [0, 5, 1, 6], "texture": "#all"},
				"south": {"uv": [1, 5, 0, 6], "texture": "#all"}
			}
		},
		{
			"from": [7.5, 13, 11],
			"to": [8.5, 14, 11],
			"rotation": {"angle": 45, "axis": "y", "origin": [8, 13, 11]},
			"faces": {
				"north": {"uv": [0, 5, 1, 6], "texture": "#all"},
				"south": {"uv": [1, 5, 0, 6], "texture": "#all"}
			}
		},
		{
			"from": [7, 8, 10],
			"to": [9, 13, 12],
			"rotation": {"angle": 0, "axis": "y", "origin": [6, 16, 10]},
			"faces": {
				"north": {"uv": [0, 8, 2, 13], "texture": "#all"},
				"east": {"uv": [0, 8, 2, 13], "texture": "#all"},
				"south": {"uv": [0, 8, 2, 13], "texture": "#all"},
				"west": {"uv": [0, 8, 2, 13], "texture": "#all"},
				"up": {"uv": [0, 6, 2, 8], "texture": "#all"},
				"down": {"uv": [0, 14, 2, 16], "texture": "#all", "cullface": "down"}
			}
		},
		{
			"name": "holder",
			"from": [6, 7, 9],
			"to": [10, 8, 13],
			"rotation": {"angle": 0, "axis": "y", "origin": [19, 15, 17]},
			"faces": {
				"north": {"uv": [0, 4, 4, 5], "texture": "#2"},
				"east": {"uv": [0, 4, 4, 5], "texture": "#2"},
				"south": {"uv": [0, 4, 4, 5], "texture": "#2"},
				"west": {"uv": [0, 4, 4, 5], "texture": "#2"},
				"up": {"uv": [0, 0, 4, 4], "texture": "#2"},
				"down": {"uv": [0, 0, 4, 4], "texture": "#2"}
			}
		},
		{
			"name": "base",
			"from": [5, 1, 15],
			"to": [11, 7, 16],
			"rotation": {"angle": 0, "axis": "x", "origin": [13, 8, 17]},
			"faces": {
				"north": {"uv": [10, 0, 16, 6], "rotation": 180, "texture": "#2"},
				"east": {"uv": [10, 6, 16, 7], "rotation": 90, "texture": "#2"},
				"south": {"uv": [10, 0, 16, 6], "texture": "#2"},
				"west": {"uv": [10, 6, 16, 7], "rotation": 270, "texture": "#2"},
				"up": {"uv": [10, 6, 16, 7], "texture": "#2"},
				"down": {"uv": [10, 6, 16, 7], "rotation": 180, "texture": "#2"}
			}
		},
		{
			"name": "base",
			"from": [7, 1, 11],
			"to": [9, 7, 13],
			"rotation": {"angle": 0, "axis": "y", "origin": [13, 8, 17]},
			"faces": {
				"north": {"uv": [4, 2, 6, 8], "texture": "#2"},
				"east": {"uv": [4, 2, 6, 8], "texture": "#2"},
				"south": {"uv": [4, 2, 6, 8], "texture": "#2"},
				"west": {"uv": [4, 2, 6, 8], "texture": "#2"},
				"up": {"uv": [4, 0, 6, 2], "texture": "#2"},
				"down": {"uv": [4, 0, 6, 2], "texture": "#2"}
			}
		},
		{
			"name": "2d",
			"from": [0, 1, 18],
			"to": [7, 7, 18],
			"rotation": {"angle": -22.5, "axis": "y", "origin": [15, 9, 19]},
			"faces": {
				"north": {"uv": [9, 10, 16, 16], "texture": "#2"},
				"south": {"uv": [16, 10, 9, 16], "texture": "#2"}
			}
		},
		{
			"name": "2d",
			"from": [8, 1, 10],
			"to": [8, 7, 17],
			"rotation": {"angle": 0, "axis": "y", "origin": [15, 9, 19]},
			"faces": {
				"east": {"uv": [9, 10, 16, 16], "texture": "#2"},
				"west": {"uv": [16, 10, 9, 16], "texture": "#2"}
			}
		},
		{
			"name": "2d",
			"from": [10, 1, 12.5],
			"to": [17, 7, 12.5],
			"rotation": {"angle": 22.5, "axis": "y", "origin": [15, 9, 19]},
			"faces": {
				"north": {"uv": [16, 10, 9, 16], "texture": "#2"},
				"south": {"uv": [9, 10, 16, 16], "texture": "#2"}
			}
		}
	],
	"groups": [
		{
			"name": "candles",
			"origin": [9, 6, 6],
			"color": 0,
			"children": [
				{
					"name": "group",
					"origin": [8, 8, 0],
					"color": 0,
					"children": [0, 1, 2, 3]
				},
				{
					"name": "group",
					"origin": [8, 8, 0],
					"color": 0,
					"children": [4, 5, 6, 7]
				},
				{
					"name": "group",
					"origin": [8, 8, 0],
					"color": 0,
					"children": [8, 9, 10, 11]
				}
			]
		},
		{
			"name": "group",
			"origin": [19, 15, 14],
			"color": 0,
			"children": [12, 13, 14, 15, 16]
		}
	]
}